Type,Sex,Speaker,Vowel,IPA,F0,F1,F2,F3
m,m,1,iy,i,160,240,2280,2850
m,m,1,iy,i,186,280,2400,2790
m,m,1,ih,\ic,203,390,2030,2640
m,m,1,ih,\ic,192,310,1980,2550
m,m,1,eh,\ef,161,490,1870,2420
m,m,1,eh,\ef,155,570,1700,2600
m,m,1,ae,\ae,140,560,1820,2660
m,m,1,ae,\ae,180,630,1700,2550
m,m,1,ah,\vt,144,590,1250,2620
m,m,1,ah,\vt,148,620,1300,2530
m,m,1,aa,\as,148,740,1070,2490
m,m,1,aa,\as,170,800,1060,2640
m,m,1,ao,\ct,161,600,970,2280
m,m,1,ao,\ct,158,660,980,2220
m,m,1,uh,\hs,163,440,1120,2210
m,m,1,uh,\hs,190,400,1070,2280
m,m,1,uw,u,160,240,1040,2150
m,m,1,uw,u,157,270,930,2280
m,m,1,er,\er\hr,177,370,1520,1670
m,m,1,er,\er\hr,164,460,1330,1590
m,m,2,iy,i,147,220,2220,2910
m,m,2,iy,i,148,210,2360,3250
m,m,2,ih,\ic,141,410,1890,2680
m,m,2,ih,\ic,139,420,1850,2500
m,m,2,eh,\ef,136,500,1760,2590
m,m,2,eh,\ef,135,510,1710,2380
m,m,2,ae,\ae,128,690,1610,2560
m,m,2,ae,\ae,131,700,1690,2580
m,m,2,ah,\vt,140,650,1080,2420
m,m,2,ah,\vt,125,625,1060,2490
m,m,2,aa,\as,140,650,1040,2450
m,m,2,aa,\as,136,670,1100,2430
m,m,2,ao,\ct,149,580,580,2470
m,m,2,ao,\ct,140,560,560,2410
m,m,2,uh,\hs,145,450,940,1910
m,m,2,uh,\hs,141,410,830,2240
m,m,2,uw,u,140,280,650,3300
m,m,2,uw,u,137,260,660,3300
m,m,2,er,\er\hr,145,510,1210,1570
m,m,2,er,\er\hr,145,510,1130,1510
m,m,3,iy,i,105,250,2180,2680
m,m,3,iy,i,111,244,2300,2780
m,m,3,ih,\ic,100,400,1930,2610
m,m,3,ih,\ic,104,400,1990,2700
m,m,3,eh,\ef,100,550,1810,2500
m,m,3,eh,\ef,95,540,1810,2480
m,m,3,ae,\ae,93,630,1710,2400
m,m,3,ae,\ae,94,658,1755,2305
m,m,3,ah,\vt,100,600,1200,2320
m,m,3,ah,\vt,105,612,1160,2350
m,m,3,aa,\as,91,640,1080,2140
m,m,3,aa,\as,94,720,1090,2230
m,m,3,ao,\ct,92,550,870,2300
m,m,3,ao,\ct,120,540,840,2280
m,m,3,uh,\hs,114,460,1150,2290
m,m,3,uh,\hs,114,456,1030,2300
m,m,3,uw,u,112,340,950,2240
m,m,3,uw,u,112,326,900,2190
m,m,3,er,\er\hr,100,500,1370,1780
m,m,3,er,\er\hr,106,530,1330,1800
m,m,4,iy,i,150,300,2240,3400
m,m,4,iy,i,156,280,2450,3200
m,m,4,ih,\ic,156,450,1960,2400
m,m,4,ih,\ic,146,440,2050,2360
m,m,4,eh,\ef,130,570,1780,2410
m,m,4,eh,\ef,150,555,1890,2440
m,m,4,ae,\ae,125,750,1610,2340
m,m,4,ae,\ae,136,770,1580,2350
m,m,4,ah,\vt,132,660,1200,2330
m,m,4,ah,\vt,150,675,1140,2380
m,m,4,aa,\as,125,750,1100,2550
m,m,4,aa,\as,138,800,1120,2500
m,m,4,ao,\ct,143,540,850,2320
m,m,4,ao,\ct,150,555,890,2370
m,m,4,uh,\hs,136,460,960,2210
m,m,4,uh,\hs,156,460,1000,2350
m,m,4,uw,u,140,380,950,2050
m,m,4,uw,u,148,385,850,2330
m,m,4,er,\er\hr,150,590,1400,1840
m,m,4,er,\er\hr,145,555,1430,1730
m,m,5,iy,i,140,310,2310,2820
m,m,5,iy,i,131,260,2250,2850
m,m,5,ih,\ic,137,440,2060,2640
m,m,5,ih,\ic,134,430,1880,2450
m,m,5,eh,\ef,140,580,1910,2500
m,m,5,eh,\ef,137,550,1770,2400
m,m,5,ae,\ae,143,830,1720,2180
m,m,5,ae,\ae,135,750,1690,2320
m,m,5,ah,\vt,136,630,1300,1950
m,m,5,ah,\vt,130,650,1170,2000
m,m,5,aa,\as,131,760,1220,2140
m,m,5,aa,\as,126,720,1260,2020
m,m,5,ao,\ct,136,540,970,1980
m,m,5,ao,\ct,124,550,880,1950
m,m,5,uh,\hs,133,470,1040,1990
m,m,5,uh,\hs,132,490,990,1920
m,m,5,uw,u,141,380,950,2140
m,m,5,uw,u,133,330,800,2130
m,m,5,er,\er\hr,143,560,1510,1800
m,m,5,er,\er\hr,136,510,1460,1700
m,m,6,iy,i,125,312,2350,2800
m,m,6,iy,i,119,330,2430,2870
m,m,6,ih,\ic,133,420,2000,2660
m,m,6,ih,\ic,125,313,2000,2750
m,m,6,eh,\ef,120,600,1860,2500
m,m,6,eh,\ef,114,570,1830,2570
m,m,6,ae,\ae,119,676,1670,2540
m,m,6,ae,\ae,125,725,1687,2500
m,m,6,ah,\vt,118,680,1150,2560
m,m,6,ah,\vt,125,726,1270,2560
m,m,6,aa,\as,125,740,1100,2680
m,m,6,aa,\as,113,670,960,2650
m,m,6,ao,\ct,120,660,1030,2690
m,m,6,ao,\ct,125,720,960,2700
m,m,6,uh,\hs,120,456,1080,2520
m,m,6,uh,\hs,120,450,1140,2600
m,m,6,uw,u,125,313,838,2340
m,m,6,uw,u,125,288,938,2450
m,m,6,er,\er\hr,120,503,1305,1775
m,m,6,er,\er\hr,120,505,1320,1750
m,m,7,iy,i,186,320,2320,3120
m,m,7,iy,i,172,310,2280,3020
m,m,7,ih,\ic,167,470,2000,2660
m,m,7,ih,\ic,170,410,2040,2715
m,m,7,eh,\ef,167,630,1900,2860
m,m,7,eh,\ef,146,614,1840,2770
m,m,7,ae,\ae,143,740,1800,2450
m,m,7,ae,\ae,162,775,1810,2200
m,m,7,ah,\vt,167,620,1240,2410
m,m,7,ah,\vt,160,640,1250,2400
m,m,7,aa,\as,162,650,970,2580
m,m,7,aa,\as,163,650,980,2350
m,m,7,ao,\ct,145,430,720,2450
m,m,7,ao,\ct,171,510,800,2500
m,m,7,uh,\hs,170,460,1120,2150
m,m,7,uh,\hs,170,493,1120,2300
m,m,7,uw,u,175,380,1040,2260
m,m,7,uw,u,200,400,1000,2350
m,m,7,er,\er\hr,167,570,1300,1750
m,m,7,er,\er\hr,157,565,1370,1710
m,m,8,iy,i,105,230,2480,3200
m,m,8,iy,i,109,218,2380,3100
m,m,8,ih,\ic,110,320,2200,2680
m,m,8,ih,\ic,103,206,2130,2570
m,m,8,eh,\ef,107,430,2100,2630
m,m,8,eh,\ef,105,515,1760,2470
m,m,8,ae,\ae,107,514,2060,2600
m,m,8,ae,\ae,106,552,1820,2500
m,m,8,ah,\vt,108,640,1300,2300
m,m,8,ah,\vt,104,624,1350,2410
m,m,8,aa,\as,111,714,1170,2420
m,m,8,aa,\as,97,650,1150,2350
m,m,8,ao,\ct,107,590,965,2500
m,m,8,ao,\ct,109,578,970,2460
m,m,8,uh,\hs,111,467,1110,2400
m,m,8,uh,\hs,105,475,1220,2310
m,m,8,uw,u,107,270,910,2200
m,m,8,uw,u,108,260,975,2320
m,m,8,er,\er\hr,107,460,1400,1790
m,m,8,er,\er\hr,103,425,1410,1760
m,m,9,iy,i,175,316,2200,2800
m,m,9,iy,i,175,280,2275,2775
m,m,9,ih,\ic,167,450,1820,2475
m,m,9,ih,\ic,167,434,1850,2425
m,m,9,eh,\ef,157,582,1725,2375
m,m,9,eh,\ef,158,586,1800,2425
m,m,9,ae,\ae,150,600,1750,2375
m,m,9,ae,\ae,145,582,1775,2375
m,m,9,ah,\vt,145,626,1125,2200
m,m,9,ah,\vt,160,641,1120,2225
m,m,9,aa,\as,144,708,1054,2420
m,m,9,aa,\as,150,705,1050,2375
m,m,9,ao,\ct,146,614,848,2200
m,m,9,ao,\ct,143,600,860,2175
m,m,9,uh,\hs,167,500,1000,2325
m,m,9,uh,\hs,167,500,1000,2325
m,m,9,uw,u,167,334,1150,2200
m,m,9,uw,u,183,312,1020,2300
m,m,9,er,\er\hr,157,518,1305,1570
m,m,9,er,\er\hr,157,504,1210,1510
m,m,10,iy,i,129,260,2260,2820
m,m,10,iy,i,125,250,2200,2825
m,m,10,ih,\ic,146,400,2040,2500
m,m,10,ih,\ic,144,389,2000,2425
m,m,10,eh,\ef,126,500,1870,2500
m,m,10,eh,\ef,125,500,1775,2450
m,m,10,ae,\ae,110,660,1650,2500
m,m,10,ae,\ae,120,624,1700,2475
m,m,10,ah,\vt,122,650,1220,2550
m,m,10,ah,\vt,120,672,1260,2500
m,m,10,aa,\as,114,750,1080,2680
m,m,10,aa,\as,114,777,1026,2625
m,m,10,ao,\ct,115,580,800,2650
m,m,10,ao,\ct,117,585,819,2625
m,m,10,uh,\hs,140,480,950,2500
m,m,10,uh,\hs,127,461,993,2350
m,m,10,uw,u,140,280,950,2300
m,m,10,uw,u,133,266,920,2300
m,m,10,er,\er\hr,128,500,1340,1700
m,m,10,er,\er\hr,133,532,1275,1600
m,m,11,iy,i,146,248,2225,3100
m,m,11,iy,i,140,238,2175,3075
m,m,11,ih,\ic,150,405,1925,2550
m,m,11,ih,\ic,138,416,1940,2600
m,m,11,eh,\ef,147,588,1790,2500
m,m,11,eh,\ef,133,586,1725,2650
m,m,11,ae,\ae,145,725,1700,2425
m,m,11,ae,\ae,127,710,1650,2220
m,m,11,ah,\vt,136,586,1078,2300
m,m,11,ah,\vt,136,627,1038,2360
m,m,11,aa,\as,145,725,1046,2325
m,m,11,aa,\as,131,746,1018,2300
m,m,11,ao,\ct,140,560,840,2500
m,m,11,ao,\ct,140,560,924,2350
m,m,11,uh,\hs,150,495,1080,2275
m,m,11,uh,\hs,143,430,1030,2275
m,m,11,uw,u,162,290,760,2300
m,m,11,uw,u,157,315,850,2025
m,m,11,er,\er\hr,150,511,1561,1876
m,m,11,er,\er\hr,138,530,1450,1887
m,m,12,iy,i,110,220,2410,3000
m,m,12,iy,i,125,240,2440,3280
m,m,12,ih,\ic,120,450,1880,2450
m,m,12,ih,\ic,118,380,1930,2420
m,m,12,eh,\ef,115,560,1650,2300
m,m,12,eh,\ef,123,560,1720,2300
m,m,12,ae,\ae,110,680,1720,2330
m,m,12,ae,\ae,133,630,1680,2280
m,m,12,ah,\vt,110,560,1430,2250
m,m,12,ah,\vt,120,560,1390,2240
m,m,12,aa,\as,108,800,1330,2260
m,m,12,aa,\as,110,740,1240,2280
m,m,12,ao,\ct,120,600,920,2080
m,m,12,ao,\ct,133,580,910,2000
m,m,12,uh,\hs,130,400,1200,2210
m,m,12,uh,\hs,110,420,1230,2230
m,m,12,uw,u,122,300,900,2130
m,m,12,uw,u,123,260,1010,2240
m,m,12,er,\er\hr,125,400,1450,1650
m,m,12,er,\er\hr,128,360,1410,1640
m,m,13,iy,i,142,290,2290,2600
m,m,13,iy,i,135,260,2290,2700
m,m,13,ih,\ic,132,390,1950,2550
m,m,13,ih,\ic,135,400,1900,2450
m,m,13,eh,\ef,124,490,1740,2500
m,m,13,eh,\ef,125,500,1780,2430
m,m,13,ae,\ae,125,660,1630,2500
m,m,13,ae,\ae,132,670,1630,2380
m,m,13,ah,\vt,140,600,1220,2530
m,m,13,ah,\vt,125,600,1210,2430
m,m,13,aa,\as,125,680,1120,2630
m,m,13,aa,\as,128,670,1100,2700
m,m,13,ao,\ct,127,510,720,2450
m,m,13,ao,\ct,120,480,710,2540
m,m,13,uh,\hs,133,380,910,2350
m,m,13,uh,\hs,140,440,1030,2400
m,m,13,uw,u,127,350,720,2750
m,m,13,uw,u,140,380,740,2880
m,m,13,er,\er\hr,128,430,1370,1610
m,m,13,er,\er\hr,135,440,1360,1600
m,m,14,iy,i,114,228,2350,2860
m,m,14,iy,i,118,220,2350,2920
m,m,14,ih,\ic,110,407,2070,2500
m,m,14,ih,\ic,112,420,1900,2450
m,m,14,eh,\ef,106,445,2020,2420
m,m,14,eh,\ef,115,470,2020,2500
m,m,14,ae,\ae,103,721,1680,2400
m,m,14,ae,\ae,109,750,1710,2440
m,m,14,ah,\vt,104,552,1122,2500
m,m,14,ah,\vt,115,580,1150,2600
m,m,14,aa,\as,98,686,1078,2570
m,m,14,aa,\as,103,700,1050,2680
m,m,14,ao,\ct,102,560,665,2620
m,m,14,ao,\ct,106,550,650,2700
m,m,14,uh,\hs,112,448,980,2370
m,m,14,uh,\hs,104,410,940,2370
m,m,14,uw,u,116,232,696,2200
m,m,14,uw,u,117,222,665,2080
m,m,14,er,\er\hr,120,432,1300,1400
m,m,14,er,\er\hr,111,420,1300,1570
m,m,15,iy,i,121,230,2100,2850
m,m,15,iy,i,118,240,2000,2980
m,m,15,ih,\ic,130,365,1900,2340
m,m,15,ih,\ic,119,300,2040,2560
m,m,15,eh,\ef,112,440,1980,2310
m,m,15,eh,\ef,120,410,2050,2500
m,m,15,ae,\ae,133,620,1710,2110
m,m,15,ae,\ae,124,660,1800,2150
m,m,15,ah,\vt,120,660,1000,2380
m,m,15,ah,\vt,110,660,960,2450
m,m,15,aa,\as,122,600,830,2250
m,m,15,aa,\as,119,620,820,2400
m,m,15,ao,\ct,117,500,620,2250
m,m,15,ao,\ct,106,550,700,2550
m,m,15,uh,\hs,140,390,730,2180
m,m,15,uh,\hs,130,360,740,2200
m,m,15,uw,u,131,260,720,2100
m,m,15,uw,u,132,260,740,2040
m,m,15,er,\er\hr,125,450,1230,1600
m,m,15,er,\er\hr,127,460,1300,1650
m,m,16,iy,i,150,300,2355,3250
m,m,16,iy,i,150,300,2460,3280
m,m,16,ih,\ic,160,385,2242,2805
m,m,16,ih,\ic,150,407,2250,2780
m,m,16,eh,\ef,140,504,2090,2720
m,m,16,eh,\ef,146,543,1980,2640
m,m,16,ae,\ae,133,680,1958,2542
m,m,16,ae,\ae,141,708,1840,2535
m,m,16,ah,\vt,150,675,1320,2550
m,m,16,ah,\vt,150,704,1393,2550
m,m,16,aa,\as,137,825,1168,2750
m,m,16,aa,\as,135,840,1210,2680
m,m,16,ao,\ct,143,671,1000,2670
m,m,16,ao,\ct,147,690,968,2660
m,m,16,uh,\hs,143,443,1273,2430
m,m,16,uh,\hs,153,459,1286,2410
m,m,16,uw,u,146,395,1300,2160
m,m,16,uw,u,153,400,1320,2150
m,m,16,er,\er\hr,140,532,1500,1890
m,m,16,er,\er\hr,146,538,1460,1818
m,m,17,iy,i,120,264,2290,2700
m,m,17,iy,i,128,256,2305,2635
m,m,17,ih,\ic,112,380,1880,2440
m,m,17,ih,\ic,115,346,1930,2390
m,m,17,eh,\ef,100,510,1780,2300
m,m,17,eh,\ef,108,520,1730,2275
m,m,17,ae,\ae,100,630,1770,2350
m,m,17,ae,\ae,105,630,1642,2170
m,m,17,ah,\vt,103,601,1273,2130
m,m,17,ah,\vt,105,590,1283,2150
m,m,17,aa,\as,100,750,1150,2440
m,m,17,aa,\as,95,703,1092,2320
m,m,17,ao,\ct,97,565,780,2350
m,m,17,ao,\ct,106,584,849,2460
m,m,17,uh,\hs,105,420,1100,2140
m,m,17,uh,\hs,111,422,1200,2175
m,m,17,uw,u,117,315,1080,2260
m,m,17,uw,u,125,326,1125,2210
m,m,17,er,\er\hr,111,444,1300,1625
m,m,17,er,\er\hr,109,469,1288,1600
m,m,18,iy,i,124,210,2100,3090
m,m,18,iy,i,130,220,2080,3180
m,m,18,ih,\ic,128,280,2000,2710
m,m,18,ih,\ic,130,310,1950,2670
m,m,18,eh,\ef,121,470,1910,2580
m,m,18,eh,\ef,129,490,1930,2650
m,m,18,ae,\ae,116,640,1620,2200
m,m,18,ae,\ae,118,650,1580,2360
m,m,18,ah,\vt,121,610,1100,2230
m,m,18,ah,\vt,126,620,1120,2330
m,m,18,aa,\as,118,700,1100,2240
m,m,18,aa,\as,120,670,1100,2220
m,m,18,ao,\ct,122,460,720,2180
m,m,18,ao,\ct,118,470,690,2200
m,m,18,uh,\hs,129,320,770,1860
m,m,18,uh,\hs,130,310,790,1920
m,m,18,uw,u,140,210,670,1900
m,m,18,uw,u,148,240,730,1850
m,m,18,er,\er\hr,128,390,1320,1550
m,m,18,er,\er\hr,124,420,1240,1510
m,m,19,iy,i,129,190,2650,3280
m,m,19,iy,i,135,190,2700,3170
m,m,19,ih,\ic,132,370,1750,2700
m,m,19,ih,\ic,130,370,1800,2750
m,m,19,eh,\ef,122,370,1680,2560
m,m,19,eh,\ef,125,375,1700,2500
m,m,19,ae,\ae,121,550,1570,2600
m,m,19,ae,\ae,120,530,1610,2650
m,m,19,ah,\vt,118,570,1050,2500
m,m,19,ah,\vt,125,590,1100,2480
m,m,19,aa,\as,112,640,970,2870
m,m,19,aa,\as,122,670,980,2900
m,m,19,ao,\ct,113,560,860,2900
m,m,19,ao,\ct,121,570,820,2820
m,m,19,uh,\hs,125,350,1000,2500
m,m,19,uh,\hs,130,380,920,2370
m,m,19,uw,u,130,250,1000,2100
m,m,19,uw,u,140,210,960,1940
m,m,19,er,\er\hr,130,360,1300,1920
m,m,19,er,\er\hr,133,370,1300,1760
m,m,20,iy,i,127,250,2180,2660
m,m,20,iy,i,131,260,2210,2780
m,m,20,ih,\ic,121,400,1900,2440
m,m,20,ih,\ic,122,350,1980,2480
m,m,20,eh,\ef,116,560,1670,2310
m,m,20,eh,\ef,124,530,1700,2380
m,m,20,ae,\ae,120,680,1470,2280
m,m,20,ae,\ae,119,620,1580,2320
m,m,20,ah,\vt,120,620,1100,2390
m,m,20,ah,\vt,125,640,1110,2370
m,m,20,aa,\as,115,630,980,2330
m,m,20,aa,\as,121,670,940,2380
m,m,20,ao,\ct,112,560,790,2480
m,m,20,ao,\ct,120,610,840,2420
m,m,20,uh,\hs,121,360,860,2200
m,m,20,uh,\hs,120,400,840,2200
m,m,20,uw,u,140,280,670,2140
m,m,20,uw,u,126,250,720,2190
m,m,20,er,\er\hr,120,480,1410,1760
m,m,20,er,\er\hr,121,470,1330,1700
m,m,21,iy,i,155,280,2400,2910
m,m,21,iy,i,150,300,2320,2960
m,m,21,ih,\ic,142,410,2060,2680
m,m,21,ih,\ic,150,450,2050,2670
m,m,21,eh,\ef,135,540,1900,2530
m,m,21,eh,\ef,135,540,1920,2520
m,m,21,ae,\ae,138,620,1800,2440
m,m,21,ae,\ae,140,690,1820,2480
m,m,21,ah,\vt,150,630,1200,2600
m,m,21,ah,\vt,140,680,1290,2600
m,m,21,aa,\as,145,740,1110,2500
m,m,21,aa,\as,143,700,1060,2720
m,m,21,ao,\ct,146,600,970,2570
m,m,21,ao,\ct,138,650,880,2660
m,m,21,uh,\hs,142,430,1130,2440
m,m,21,uh,\hs,143,430,1150,2420
m,m,21,uw,u,142,280,990,2330
m,m,21,uw,u,145,290,1000,2300
m,m,21,er,\er\hr,150,420,1350,1600
m,m,21,er,\er\hr,150,450,1350,1600
m,m,22,iy,i,135,300,2300,2800
m,m,22,iy,i,135,350,2240,2760
m,m,22,ih,\ic,136,410,2200,2680
m,m,22,ih,\ic,138,440,2080,2520
m,m,22,eh,\ef,133,580,1870,2320
m,m,22,eh,\ef,127,520,1900,2400
m,m,22,ae,\ae,130,760,1920,2480
m,m,22,ae,\ae,132,670,1850,2560
m,m,22,ah,\vt,139,810,1110,2100
m,m,22,ah,\vt,131,770,1150,2100
m,m,22,aa,\as,141,700,1040,2120
m,m,22,aa,\as,125,750,1160,2080
m,m,22,ao,\ct,133,670,920,2240
m,m,22,ao,\ct,142,570,850,2250
m,m,22,uh,\hs,140,550,970,2200
m,m,22,uh,\hs,141,490,870,2240
m,m,22,uw,u,150,300,600,2300
m,m,22,uw,u,148,230,570,2100
m,m,22,er,\er\hr,140,560,1520,2100
m,m,22,er,\er\hr,140,540,1570,2050
m,m,23,iy,i,125,240,2100,2900
m,m,23,iy,i,119,240,2150,2860
m,m,23,ih,\ic,130,380,1870,2450
m,m,23,ih,\ic,120,430,1710,2350
m,m,23,eh,\ef,119,580,1770,2500
m,m,23,eh,\ef,117,570,1750,2400
m,m,23,ae,\ae,115,760,1580,2440
m,m,23,ae,\ae,110,715,1500,2300
m,m,23,ah,\vt,124,620,880,2500
m,m,23,ah,\vt,124,650,1000,2520
m,m,23,aa,\as,119,710,950,2520
m,m,23,aa,\as,120,690,960,2520
m,m,23,ao,\ct,125,460,610,2500
m,m,23,ao,\ct,120,470,710,2500
m,m,23,uh,\hs,125,390,900,2100
m,m,23,uh,\hs,125,460,920,2140
m,m,23,uw,u,125,250,690,2080
m,m,23,uw,u,130,270,650,2050
m,m,23,er,\er\hr,122,540,1280,1720
m,m,23,er,\er\hr,118,510,1280,1650
m,m,24,iy,i,148,280,2450,2700
m,m,24,iy,i,160,288,2500,2880
m,m,24,ih,\ic,160,400,2080,2530
m,m,24,ih,\ic,153,384,2110,2500
m,m,24,eh,\ef,138,590,1900,2200
m,m,24,eh,\ef,153,583,1840,2250
m,m,24,ae,\ae,145,680,1850,2400
m,m,24,ae,\ae,140,685,1780,2160
m,m,24,ah,\vt,143,660,1370,2110
m,m,24,ah,\vt,145,680,1300,2100
m,m,24,aa,\as,140,760,1260,2120
m,m,24,aa,\as,135,770,1140,2020
m,m,24,ao,\ct,145,500,800,1850
m,m,24,ao,\ct,132,600,1000,2000
m,m,24,uh,\hs,157,380,1060,1950
m,m,24,uh,\hs,150,470,1220,2150
m,m,24,uw,u,162,324,800,2220
m,m,24,uw,u,139,290,800,2150
m,m,24,er,\er\hr,150,560,1350,1780
m,m,24,er,\er\hr,150,600,1470,1820
m,m,25,iy,i,110,250,2190,3000
m,m,25,iy,i,106,254,2085,2890
m,m,25,ih,\ic,111,330,1967,2670
m,m,25,ih,\ic,108,430,1940,2590
m,m,25,eh,\ef,116,464,2100,2700
m,m,25,eh,\ef,105,504,1995,2780
m,m,25,ae,\ae,94,595,1900,2700
m,m,25,ae,\ae,100,670,1860,2500
m,m,25,ah,\vt,96,620,1200,2420
m,m,25,ah,\vt,105,630,1127,2420
m,m,25,aa,\as,100,750,1160,2360
m,m,25,aa,\as,96,740,1155,2330
m,m,25,ao,\ct,101,460,740,2300
m,m,25,ao,\ct,105,494,789,2420
m,m,25,uh,\hs,113,400,1020,2200
m,m,25,uh,\hs,128,450,1028,2160
m,m,25,uw,u,140,392,1000,2120
m,m,25,uw,u,116,350,898,2140
m,m,25,er,\er\hr,117,547,1340,1688
m,m,25,er,\er\hr,128,512,1280,1570
m,m,26,iy,i,123,246,2185,2730
m,m,26,iy,i,133,267,2280,2800
m,m,26,ih,\ic,140,420,2300,2800
m,m,26,ih,\ic,120,384,2110,2620
m,m,26,eh,\ef,120,480,1920,2540
m,m,26,eh,\ef,112,551,1788,2450
m,m,26,ae,\ae,114,628,1837,2570
m,m,26,ae,\ae,111,622,1890,2560
m,m,26,ah,\vt,114,628,1254,2470
m,m,26,ah,\vt,114,617,1255,2480
m,m,26,aa,\as,117,690,1072,2660
m,m,26,aa,\as,103,630,1000,2530
m,m,26,ao,\ct,117,510,700,2650
m,m,26,ao,\ct,120,504,756,2540
m,m,26,uh,\hs,122,465,990,2440
m,m,26,uh,\hs,125,462,976,2450
m,m,26,uw,u,120,324,708,2440
m,m,26,uw,u,157,387,786,2518
m,m,26,er,\er\hr,122,488,1468,1712
m,m,26,er,\er\hr,118,472,1465,1725
m,m,27,iy,i,138,275,2060,2800
m,m,27,iy,i,136,270,2020,2790
m,m,27,ih,\ic,133,349,2030,2760
m,m,27,ih,\ic,136,340,1940,2560
m,m,27,eh,\ef,120,444,1800,2500
m,m,27,eh,\ef,127,380,1800,2440
m,m,27,ae,\ae,125,688,1600,2300
m,m,27,ae,\ae,122,660,1570,2380
m,m,27,ah,\vt,128,565,1157,2310
m,m,27,ah,\vt,130,550,1150,2250
m,m,27,aa,\as,125,712,1024,2250
m,m,27,aa,\as,125,670,1080,2300
m,m,27,ao,\ct,125,550,913,2360
m,m,27,ao,\ct,126,550,890,2280
m,m,27,uh,\hs,128,360,1028,2160
m,m,27,uh,\hs,140,390,1060,2150
m,m,27,uw,u,133,294,930,2050
m,m,27,uw,u,140,280,1000,2160
m,m,27,er,\er\hr,125,440,1250,1625
m,m,27,er,\er\hr,130,480,1160,1520
m,m,28,iy,i,125,320,2160,2900
m,m,28,iy,i,133,267,2230,3000
m,m,28,ih,\ic,115,440,1750,2400
m,m,28,ih,\ic,116,390,1780,2450
m,m,28,eh,\ef,117,525,1800,2480
m,m,28,eh,\ef,110,520,1750,2390
m,m,28,ae,\ae,111,660,1600,2400
m,m,28,ae,\ae,120,720,1680,2430
m,m,28,ah,\vt,117,600,1250,2300
m,m,28,ah,\vt,125,575,1170,2240
m,m,28,aa,\as,111,730,1160,2340
m,m,28,aa,\as,117,860,1280,2470
m,m,28,ao,\ct,114,560,810,2290
m,m,28,ao,\ct,116,584,840,2280
m,m,28,uh,\hs,130,455,970,2140
m,m,28,uh,\hs,120,456,1040,2038
m,m,28,uw,u,125,350,820,2130
m,m,28,uw,u,128,366,772,2058
m,m,28,er,\er\hr,111,450,1420,1870
m,m,28,er,\er\hr,118,472,1430,1840
m,m,29,iy,i,133,333,2305,3200
m,m,29,iy,i,131,326,2260,3030
m,m,29,ih,\ic,125,375,2188,2750
m,m,29,ih,\ic,133,400,2150,2680
m,m,29,eh,\ef,125,500,1980,2480
m,m,29,eh,\ef,150,480,1950,2340
m,m,29,ae,\ae,116,640,1710,2450
m,m,29,ae,\ae,123,615,1720,2220
m,m,29,ah,\vt,116,583,1110,2360
m,m,29,ah,\vt,117,608,1120,2700
m,m,29,aa,\as,111,777,1170,2600
m,m,29,aa,\as,114,750,1175,2820
m,m,29,ao,\ct,105,630,891,2519
m,m,29,ao,\ct,114,572,924,2660
m,m,29,uh,\hs,125,438,975,2300
m,m,29,uh,\hs,140,420,938,2300
m,m,29,uw,u,133,333,800,2130
m,m,29,uw,u,140,320,840,2150
m,m,29,er,\er\hr,120,480,1320,1870
m,m,29,er,\er\hr,127,483,1335,1844
m,m,30,iy,i,166,267,2300,2940
m,m,30,iy,i,156,220,2300,2900
m,m,30,ih,\ic,154,431,2040,2460
m,m,30,ih,\ic,155,360,2010,2400
m,m,30,eh,\ef,150,565,1950,2500
m,m,30,eh,\ef,180,540,2000,2450
m,m,30,ae,\ae,143,600,2000,2570
m,m,30,ae,\ae,138,590,1950,2460
m,m,30,ah,\vt,157,630,1140,2200
m,m,30,ah,\vt,186,630,1170,2280
m,m,30,aa,\as,146,730,1048,2450
m,m,30,aa,\as,155,730,1130,2320
m,m,30,ao,\ct,150,600,900,2400
m,m,30,ao,\ct,178,640,890,2280
m,m,30,uh,\hs,160,448,960,2200
m,m,30,uh,\hs,196,450,1000,2180
m,m,30,uw,u,167,333,835,2170
m,m,30,uw,u,198,280,750,2170
m,m,30,er,\er\hr,163,488,1300,1600
m,m,30,er,\er\hr,163,490,1380,1620
m,m,31,iy,i,120,312,2380,2900
m,m,31,iy,i,120,300,2350,3000
m,m,31,ih,\ic,140,490,2000,2620
m,m,31,ih,\ic,140,490,1960,2600
m,m,31,eh,\ef,125,640,2000,2620
m,m,31,eh,\ef,111,555,1870,2540
m,m,31,ae,\ae,112,697,1610,2540
m,m,31,ae,\ae,114,684,1634,2510
m,m,31,ah,\vt,115,633,1260,2530
m,m,31,ah,\vt,120,660,1213,2460
m,m,31,aa,\as,112,730,1203,2700
m,m,31,aa,\as,107,752,1125,2620
m,m,31,ao,\ct,108,507,755,2420
m,m,31,ao,\ct,116,538,816,2450
m,m,31,uh,\hs,114,456,1040,2300
m,m,31,uh,\hs,120,480,1120,2160
m,m,31,uw,u,123,344,960,2150
m,m,31,uw,u,125,350,1000,2250
m,m,31,er,\er\hr,112,539,1370,1800
m,m,31,er,\er\hr,117,549,1353,1728
m,m,32,iy,i,146,292,2500,3150
m,m,32,iy,i,133,266,2370,3100
m,m,32,ih,\ic,143,372,2220,2640
m,m,32,ih,\ic,131,350,2130,2610
m,m,32,eh,\ef,133,574,1840,2260
m,m,32,eh,\ef,133,563,1960,2450
m,m,32,ae,\ae,125,650,1738,2400
m,m,32,ae,\ae,130,663,1820,2400
m,m,32,ah,\vt,137,600,1370,2180
m,m,32,ah,\vt,125,625,1312,2250
m,m,32,aa,\as,133,735,1070,2100
m,m,32,aa,\as,117,713,1180,2200
m,m,32,ao,\ct,125,625,875,2180
m,m,32,ao,\ct,115,700,1000,2250
m,m,32,uh,\hs,150,420,1100,2000
m,m,32,uh,\hs,140,420,1120,2100
m,m,32,uw,u,125,350,980,2200
m,m,32,uw,u,133,320,918,2100
m,m,32,er,\er\hr,143,554,1480,1800
m,m,32,er,\er\hr,128,484,1505,1890
m,m,33,iy,i,143,286,2415,2860
m,m,33,iy,i,150,300,2415,2860
m,m,33,ih,\ic,140,400,1980,2500
m,m,33,ih,\ic,145,407,2095,2620
m,m,33,eh,\ef,125,525,1988,2610
m,m,33,eh,\ef,144,553,1935,2530
m,m,33,ae,\ae,133,640,1773,2490
m,m,33,ae,\ae,133,640,1840,2560
m,m,33,ah,\vt,143,672,1272,2640
m,m,33,ah,\vt,146,658,1241,2560
m,m,33,aa,\as,130,780,1170,2640
m,m,33,aa,\as,131,788,1115,2645
m,m,33,ao,\ct,138,633,891,2500
m,m,33,ao,\ct,150,600,935,2550
m,m,33,uh,\hs,175,490,1102,2420
m,m,33,uh,\hs,154,492,1077,2306
m,m,33,uw,u,160,320,960,2240
m,m,33,uw,u,160,320,960,2290
m,m,33,er,\er\hr,143,543,1310,1643
m,m,33,er,\er\hr,145,508,1309,1600
w,f,34,iy,i,230,370,2670,3100
w,f,34,iy,i,234,390,2760,3060
w,f,34,ih,\ic,234,468,2330,2930
w,f,34,ih,\ic,205,410,2380,2950
w,f,34,eh,\ef,190,550,2200,2880
w,f,34,eh,\ef,191,570,2100,3040
w,f,34,ae,\ae,200,800,1980,2810
w,f,34,ae,\ae,192,860,1920,2850
w,f,34,ah,\vt,227,635,1200,3250
w,f,34,ah,\vt,200,700,1200,3100
w,f,34,aa,\as,210,880,1240,2870
w,f,34,aa,\as,188,830,1200,2880
w,f,34,ao,\ct,207,570,830,3300
w,f,34,ao,\ct,200,700,1000,3130
w,f,34,uh,\hs,240,410,940,3040
w,f,34,uh,\hs,225,450,970,3190
w,f,34,uw,u,238,480,955,2960
w,f,34,uw,u,208,395,810,2900
w,f,34,er,\er\hr,200,500,1850,2100
w,f,34,er,\er\hr,200,560,1750,2100
w,f,35,iy,i,225,270,2760,3550
w,f,35,iy,i,240,290,2700,3350
w,f,35,ih,\ic,245,460,2500,3220
w,f,35,ih,\ic,220,410,2400,3240
w,f,35,eh,\ef,220,620,2300,3200
w,f,35,eh,\ef,210,630,2300,3170
w,f,35,ae,\ae,220,820,2180,2850
w,f,35,ae,\ae,195,740,2120,3070
w,f,35,ah,\vt,240,800,1300,2900
w,f,35,ah,\vt,225,760,1400,2830
w,f,35,aa,\as,214,850,1120,2620
w,f,35,aa,\as,190,880,1220,2850
w,f,35,ao,\ct,228,460,900,2830
w,f,35,ao,\ct,222,440,880,2850
w,f,35,uh,\hs,250,500,1040,2750
w,f,35,uh,\hs,245,490,1000,2720
w,f,35,uw,u,250,400,940,2720
w,f,35,uw,u,245,410,860,2700
w,f,35,er,\er\hr,225,440,1560,1750
w,f,35,er,\er\hr,210,420,1600,1750
w,f,36,iy,i,210,290,2700,3020
w,f,36,iy,i,215,280,2630,3240
w,f,36,ih,\ic,211,420,2300,2950
w,f,36,ih,\ic,211,420,2220,2980
w,f,36,eh,\ef,207,640,2120,2900
w,f,36,eh,\ef,221,700,2000,2900
w,f,36,ae,\ae,212,1000,1830,2820
w,f,36,ae,\ae,204,980,1800,2820
w,f,36,ah,\vt,205,780,1410,2720
w,f,36,ah,\vt,208,710,1450,2750
w,f,36,aa,\as,205,950,1280,2600
w,f,36,aa,\as,210,870,1260,2740
w,f,36,ao,\ct,203,610,900,2710
w,f,36,ao,\ct,210,630,840,2700
w,f,36,uh,\hs,211,440,1050,2780
w,f,36,uh,\hs,210,420,1050,2740
w,f,36,uw,u,222,380,860,2500
w,f,36,uw,u,208,330,750,2740
w,f,36,er,\er\hr,208,580,1450,1720
w,f,36,er,\er\hr,212,540,1560,1900
w,f,37,iy,i,210,294,2800,3100
w,f,37,iy,i,222,270,2880,3160
w,f,37,ih,\ic,202,420,2430,3030
w,f,37,ih,\ic,212,420,2370,2930
w,f,37,eh,\ef,200,580,2180,2770
w,f,37,eh,\ef,217,540,2160,2770
w,f,37,ae,\ae,200,820,1970,2620
w,f,37,ae,\ae,210,840,2000,2700
w,f,37,ah,\vt,208,690,1200,2900
w,f,37,ah,\vt,201,666,1206,2900
w,f,37,aa,\as,200,800,1200,2920
w,f,37,aa,\as,190,760,1140,2850
w,f,37,ao,\ct,200,560,760,2800
w,f,37,ao,\ct,207,560,770,3000
w,f,37,uh,\hs,215,430,1075,2580
w,f,37,uh,\hs,213,430,1000,2700
w,f,37,uw,u,220,330,840,2550
w,f,37,uw,u,213,280,850,2500
w,f,37,er,\er\hr,205,430,1800,1930
w,f,37,er,\er\hr,200,420,1740,1960
w,f,38,iy,i,175,350,2800,3160
w,f,38,iy,i,187,338,2870,3300
w,f,38,ih,\ic,200,400,2540,3200
w,f,38,ih,\ic,210,420,2680,3000
w,f,38,eh,\ef,180,518,2470,3200
w,f,38,eh,\ef,200,600,2400,3150
w,f,38,ae,\ae,171,773,2000,2870
w,f,38,ae,\ae,175,875,2100,2970
w,f,38,ah,\vt,183,733,1468,2700
w,f,38,ah,\vt,200,740,1280,2900
w,f,38,aa,\as,178,730,1210,2740
w,f,38,aa,\as,175,735,1220,2850
w,f,38,ao,\ct,160,560,960,2850
w,f,38,ao,\ct,192,536,850,2850
w,f,38,uh,\hs,212,424,1040,2780
w,f,38,uh,\hs,200,520,1060,2670
w,f,38,uw,u,190,380,770,2900
w,f,38,uw,u,187,340,750,2780
w,f,38,er,\er\hr,177,490,2120,2480
w,f,38,er,\er\hr,197,493,1930,2300
w,f,39,iy,i,250,325,2700,3100
w,f,39,iy,i,225,310,2750,3225
w,f,39,ih,\ic,214,350,2580,3000
w,f,39,ih,\ic,267,390,2700,3200
w,f,39,eh,\ef,233,560,2330,2800
w,f,39,eh,\ef,200,520,2500,3000
w,f,39,ae,\ae,171,806,1970,2600
w,f,39,ae,\ae,150,825,1860,2550
w,f,39,ah,\vt,186,708,1485,2760
w,f,39,ah,\vt,188,676,1500,2590
w,f,39,aa,\as,200,800,1200,2800
w,f,39,aa,\as,205,714,1154,2850
w,f,39,ao,\ct,267,530,800,2780
w,f,39,ao,\ct,180,485,810,2750
w,f,39,uh,\hs,214,450,1460,2550
w,f,39,uh,\hs,233,467,1400,2450
w,f,39,uw,u,225,450,1080,2350
w,f,39,uw,u,200,400,1000,2400
w,f,39,er,\er\hr,193,524,1700,2130
w,f,39,er,\er\hr,180,507,1800,2380
w,f,40,iy,i,200,300,3100,3400
w,f,40,iy,i,216,300,3100,3500
w,f,40,ih,\ic,214,428,2570,3000
w,f,40,ih,\ic,220,440,2640,3080
w,f,40,eh,\ef,210,528,2540,3170
w,f,40,eh,\ef,210,504,2520,3200
w,f,40,ae,\ae,187,940,2250,2760
w,f,40,ae,\ae,200,820,2200,2920
w,f,40,ah,\vt,204,816,1450,2700
w,f,40,ah,\vt,214,858,1500,2700
w,f,40,aa,\as,200,960,1280,3000
w,f,40,aa,\as,180,1040,1300,3000
w,f,40,ao,\ct,220,520,880,2500
w,f,40,ao,\ct,217,574,890,2510
w,f,40,uh,\hs,233,466,1330,2750
w,f,40,uh,\hs,233,466,1165,2800
w,f,40,uw,u,180,300,850,2800
w,f,40,uw,u,175,350,840,2750
w,f,40,er,\er\hr,216,432,1790,2060
w,f,40,er,\er\hr,219,360,1900,2320
w,f,41,iy,i,225,337,2700,3300
w,f,41,iy,i,233,340,2720,3200
w,f,41,ih,\ic,237,474,2370,3095
w,f,41,ih,\ic,237,475,2400,3090
w,f,41,eh,\ef,229,526,2360,3090
w,f,41,eh,\ef,233,580,2360,3150
w,f,41,ae,\ae,230,690,2185,2990
w,f,41,ae,\ae,220,660,2200,3020
w,f,41,ah,\vt,225,675,1551,2923
w,f,41,ah,\vt,233,690,1630,2900
w,f,41,aa,\as,222,845,1334,2890
w,f,41,aa,\as,233,888,1290,2800
w,f,41,ao,\ct,225,631,923,2250
w,f,41,ao,\ct,233,543,980,2300
w,f,41,uh,\hs,233,537,1360,2920
w,f,41,uh,\hs,240,480,1345,2680
w,f,41,uw,u,235,400,1180,2760
w,f,41,uw,u,233,396,1120,2560
w,f,41,er,\er\hr,225,450,1640,2250
w,f,41,er,\er\hr,233,489,1630,2090
w,f,42,iy,i,225,225,2760,3900
w,f,42,iy,i,230,230,2850,3800
w,f,42,ih,\ic,238,429,2560,3200
w,f,42,ih,\ic,230,430,2575,3100
w,f,42,eh,\ef,214,579,2570,3300
w,f,42,eh,\ef,214,536,2570,3100
w,f,42,ae,\ae,205,823,2220,2870
w,f,42,ae,\ae,200,800,2100,2900
w,f,42,ah,\vt,250,750,1500,2750
w,f,42,ah,\vt,217,738,1300,2820
w,f,42,aa,\as,200,840,1300,3100
w,f,42,aa,\as,206,990,1340,3100
w,f,42,ao,\ct,214,579,856,2790
w,f,42,ao,\ct,205,545,905,2750
w,f,42,uh,\hs,233,490,1220,2610
w,f,42,uh,\hs,250,513,1500,2650
w,f,42,uw,u,250,400,1250,2500
w,f,42,uw,u,225,405,1080,2500
w,f,42,er,\er\hr,233,466,1860,2260
w,f,42,er,\er\hr,225,540,1780,2220
w,f,43,iy,i,240,290,3000,3840
w,f,43,iy,i,250,325,2900,3500
w,f,43,ih,\ic,250,500,2370,3120
w,f,43,ih,\ic,238,476,2380,3090
w,f,43,eh,\ef,238,760,2380,3205
w,f,43,eh,\ef,233,746,2290,3030
w,f,43,ae,\ae,206,1008,1990,2870
w,f,43,ae,\ae,200,1040,2000,2800
w,f,43,ah,\vt,220,830,1540,2860
w,f,43,ah,\vt,237,900,1510,2840
w,f,43,aa,\as,206,970,1343,3018
w,f,43,aa,\as,236,592,1230,2600
w,f,43,ao,\ct,233,650,900,2920
w,f,43,ao,\ct,229,687,1060,2780
w,f,43,uh,\hs,233,512,1211,2630
w,f,43,uh,\hs,233,467,1167,2595
w,f,43,uw,u,250,450,875,2750
w,f,43,uw,u,233,420,935,2710
w,f,43,er,\er\hr,230,622,1750,2070
w,f,43,er,\er\hr,225,652,1710,2043
w,f,44,iy,i,255,275,2800,3310
w,f,44,iy,i,245,245,2800,3300
w,f,44,ih,\ic,267,534,2500,3250
w,f,44,ih,\ic,264,528,2640,3370
w,f,44,eh,\ef,238,700,2380,3250
w,f,44,eh,\ef,250,750,2480,3000
w,f,44,ae,\ae,237,1020,1900,2960
w,f,44,ae,\ae,233,1005,2050,2870
w,f,44,ah,\vt,263,750,1500,2850
w,f,44,ah,\vt,250,850,1400,2750
w,f,44,aa,\as,258,978,1290,2840
w,f,44,aa,\as,246,935,1230,2730
w,f,44,ao,\ct,250,500,750,2750
w,f,44,ao,\ct,243,632,850,2850
w,f,44,uh,\hs,250,350,1170,2750
w,f,44,uh,\hs,266,450,1000,2800
w,f,44,uw,u,256,358,640,2560
w,f,44,uw,u,250,300,750,2500
w,f,44,er,\er\hr,260,520,1560,1820
w,f,44,er,\er\hr,250,500,1500,1750
w,f,45,iy,i,236,236,2790,3760
w,f,45,iy,i,242,242,2770,3800
w,f,45,ih,\ic,222,444,2555,3110
w,f,45,ih,\ic,242,420,2700,3120
w,f,45,eh,\ef,226,634,2325,2940
w,f,45,eh,\ef,225,608,2475,3100
w,f,45,ae,\ae,210,1010,2060,2900
w,f,45,ae,\ae,200,980,2160,2920
w,f,45,ah,\vt,217,818,1450,2500
w,f,45,ah,\vt,200,750,1280,2650
w,f,45,aa,\as,220,820,1200,2640
w,f,45,aa,\as,210,900,1120,2900
w,f,45,ao,\ct,220,440,749,2640
w,f,45,ao,\ct,210,567,752,2600
w,f,45,uh,\hs,204,460,1045,2504
w,f,45,uh,\hs,240,480,1105,2400
w,f,45,uw,u,250,420,1000,2500
w,f,45,uw,u,275,350,1100,2400
w,f,45,er,\er\hr,217,487,1500,1780
w,f,45,er,\er\hr,206,467,1420,1640
w,f,46,iy,i,225,360,2920,3400
w,f,46,iy,i,233,340,2840,3300
w,f,46,ih,\ic,257,514,2570,3070
w,f,46,ih,\ic,238,500,2680,3260
w,f,46,eh,\ef,238,650,2495,3090
w,f,46,eh,\ef,216,650,2380,3030
w,f,46,ae,\ae,225,1020,2030,2700
w,f,46,ae,\ae,225,1000,2200,2770
w,f,46,ah,\vt,225,788,1462,2920
w,f,46,ah,\vt,217,736,1500,2900
w,f,46,aa,\as,214,987,1330,2830
w,f,46,aa,\as,214,1009,1415,3080
w,f,46,ao,\ct,226,672,1084,2495
w,f,46,ao,\ct,209,627,1045,2504
w,f,46,uh,\hs,250,500,1200,2450
w,f,46,uh,\hs,230,460,1150,2880
w,f,46,uw,u,267,420,990,2860
w,f,46,uw,u,190,380,893,2920
w,f,46,er,\er\hr,246,610,1630,2020
w,f,46,er,\er\hr,225,585,1700,1850
w,f,47,iy,i,285,285,2900,3500
w,f,47,iy,i,286,310,2900,3400
w,f,47,ih,\ic,297,480,2670,3260
w,f,47,ih,\ic,220,440,2620,3380
w,f,47,eh,\ef,173,550,2370,3140
w,f,47,eh,\ef,260,520,2340,3040
w,f,47,ae,\ae,167,790,2180,3020
w,f,47,ae,\ae,280,840,2160,3020
w,f,47,ah,\vt,280,840,1400,2750
w,f,47,ah,\vt,270,760,1330,2950
w,f,47,aa,\as,252,900,1290,2750
w,f,47,aa,\as,260,900,1240,3110
w,f,47,ao,\ct,175,700,1050,2750
w,f,47,ao,\ct,190,720,1080,3030
w,f,47,uh,\hs,286,540,1200,2860
w,f,47,uh,\hs,205,570,1200,2970
w,f,47,uw,u,328,400,980,2630
w,f,47,uw,u,290,440,990,2900
w,f,47,er,\er\hr,286,570,2000,2480
w,f,47,er,\er\hr,260,510,1850,2350
w,f,48,iy,i,170,340,2750,3120
w,f,48,iy,i,238,360,2760,3120
w,f,48,ih,\ic,167,480,2390,2950
w,f,48,ih,\ic,194,520,2450,3000
w,f,48,eh,\ef,220,620,2520,2920
w,f,48,eh,\ef,222,620,2440,2880
w,f,48,ae,\ae,222,1110,2160,2700
w,f,48,ae,\ae,214,1070,1960,2750
w,f,48,ah,\vt,217,820,1240,2600
w,f,48,ah,\vt,216,860,1300,2670
w,f,48,aa,\as,150,840,1110,2930
w,f,48,aa,\as,170,850,1120,2850
w,f,48,ao,\ct,200,500,700,2930
w,f,48,ao,\ct,212,380,720,2700
w,f,48,uh,\hs,235,400,940,2820
w,f,48,uh,\hs,214,380,860,2680
w,f,48,uw,u,196,330,760,2870
w,f,48,uw,u,188,350,710,2760
w,f,48,er,\er\hr,182,550,1780,2080
w,f,48,er,\er\hr,201,600,1750,2000
w,f,49,iy,i,200,320,2360,2980
w,f,49,iy,i,203,304,2380,3050
w,f,49,ih,\ic,211,444,2220,2740
w,f,49,ih,\ic,210,420,2090,2780
w,f,49,eh,\ef,200,500,2350,2830
w,f,49,eh,\ef,200,600,2200,2700
w,f,49,ae,\ae,192,845,1700,2300
w,f,49,ae,\ae,187,860,1724,2530
w,f,49,ah,\vt,200,720,1440,2380
w,f,49,ah,\vt,191,707,1470,2440
w,f,49,aa,\as,200,700,1080,2420
w,f,49,aa,\as,192,767,1150,2590
w,f,49,ao,\ct,200,600,860,2410
w,f,49,ao,\ct,200,600,900,2400
w,f,49,uh,\hs,210,546,1090,2400
w,f,49,uh,\hs,210,462,1240,2310
w,f,49,uw,u,257,360,930,2260
w,f,49,uw,u,220,440,1100,2300
w,f,49,er,\er\hr,200,540,1400,1800
w,f,49,er,\er\hr,204,460,1350,1560
w,f,50,iy,i,203,406,2600,2945
w,f,50,iy,i,200,400,2600,3100
w,f,50,ih,\ic,200,460,2300,2800
w,f,50,ih,\ic,210,420,2305,2835
w,f,50,eh,\ef,190,570,2100,2720
w,f,50,eh,\ef,207,538,2175,2880
w,f,50,ae,\ae,189,850,1853,2685
w,f,50,ae,\ae,193,830,1800,2620
w,f,50,ah,\vt,200,720,1500,2560
w,f,50,ah,\vt,200,800,1400,2420
w,f,50,aa,\as,194,915,1280,2530
w,f,50,aa,\as,206,723,1196,2600
w,f,50,ao,\ct,192,575,1073,2490
w,f,50,ao,\ct,200,600,1100,2600
w,f,50,uh,\hs,202,520,1210,2420
w,f,50,uh,\hs,212,468,1275,2550
w,f,50,uw,u,207,370,1000,2470
w,f,50,uw,u,205,330,970,2460
w,f,50,er,\er\hr,200,560,1600,1900
w,f,50,er,\er\hr,206,514,1540,1955
w,f,51,iy,i,240,380,2880,3360
w,f,51,iy,i,250,380,2820,3300
w,f,51,ih,\ic,233,514,2600,2930
w,f,51,ih,\ic,237,473,2660,2970
w,f,51,eh,\ef,223,567,2460,3122
w,f,51,eh,\ef,224,521,2460,2920
w,f,51,ae,\ae,218,808,2070,2880
w,f,51,ae,\ae,203,678,2420,3080
w,f,51,ah,\vt,200,800,1340,2700
w,f,51,ah,\vt,214,772,1280,2660
w,f,51,aa,\as,183,843,1190,2860
w,f,51,aa,\as,205,740,1160,2780
w,f,51,ao,\ct,222,623,1022,2700
w,f,51,ao,\ct,220,594,990,2640
w,f,51,uh,\hs,240,480,960,2820
w,f,51,uh,\hs,242,484,900,2640
w,f,51,uw,u,233,370,933,2520
w,f,51,uw,u,250,325,750,2500
w,f,51,er,\er\hr,225,450,1680,2050
w,f,51,er,\er\hr,233,466,1630,1865
w,f,52,iy,i,200,320,2750,3100
w,f,52,iy,i,178,356,2755,3200
w,f,52,ih,\ic,194,388,2622,3050
w,f,52,ih,\ic,194,426,2460,3040
w,f,52,eh,\ef,187,592,2242,2765
w,f,52,eh,\ef,191,535,2290,2870
w,f,52,ae,\ae,188,750,2060,2770
w,f,52,ae,\ae,162,650,2110,2618
w,f,52,ah,\vt,187,618,1518,2700
w,f,52,ah,\vt,183,624,1430,2660
w,f,52,aa,\as,163,766,1180,2340
w,f,52,aa,\as,167,750,1065,2640
w,f,52,ao,\ct,170,595,918,2600
w,f,52,ao,\ct,176,630,985,2630
w,f,52,uh,\hs,200,420,1200,2600
w,f,52,uh,\hs,200,460,1260,2640
w,f,52,uw,u,187,375,1124,2685
w,f,52,uw,u,188,375,1143,2700
w,f,52,er,\er\hr,180,504,1565,1835
w,f,52,er,\er\hr,183,513,1578,1830
w,f,53,iy,i,280,357,2800,3360
w,f,53,iy,i,275,340,2860,3350
w,f,53,ih,\ic,290,480,2600,3060
w,f,53,ih,\ic,292,465,2598,3060
w,f,53,eh,\ef,250,700,2350,2980
w,f,53,eh,\ef,240,737,2325,3100
w,f,53,ae,\ae,200,960,2100,3000
w,f,53,ae,\ae,217,1030,2200,3260
w,f,53,ah,\vt,275,920,1512,2950
w,f,53,ah,\vt,260,910,1688,3050
w,f,53,aa,\as,275,990,1237,2360
w,f,53,aa,\as,267,987,1172,3180
w,f,53,ao,\ct,267,587,1068,3270
w,f,53,ao,\ct,293,560,990,3150
w,f,53,uh,\hs,275,520,1350,3190
w,f,53,uh,\hs,280,510,1415,3130
w,f,53,uw,u,300,420,1045,3060
w,f,53,uw,u,300,390,960,3030
w,f,53,er,\er\hr,230,460,1860,2250
w,f,53,er,\er\hr,214,504,1820,2290
w,f,54,iy,i,200,240,2760,3700
w,f,54,iy,i,220,220,2850,3800
w,f,54,ih,\ic,228,319,2500,3020
w,f,54,ih,\ic,216,324,2500,3010
w,f,54,eh,\ef,220,616,2380,2900
w,f,54,eh,\ef,212,615,2300,2800
w,f,54,ae,\ae,212,710,2120,2600
w,f,54,ae,\ae,210,690,2250,2680
w,f,54,ah,\vt,221,800,1520,2380
w,f,54,ah,\vt,210,780,1470,2400
w,f,54,aa,\as,199,995,1392,2290
w,f,54,aa,\as,200,1000,1400,2440
w,f,54,ao,\ct,205,656,944,2250
w,f,54,ao,\ct,200,720,960,2380
w,f,54,uh,\hs,223,335,1049,2470
w,f,54,uh,\hs,210,420,1009,2300
w,f,54,uw,u,219,329,877,2550
w,f,54,uw,u,230,340,900,2530
w,f,54,er,\er\hr,206,400,1380,1560
w,f,54,er,\er\hr,201,400,1240,1480
w,f,55,iy,i,220,286,2800,3550
w,f,55,iy,i,241,289,2800,3400
w,f,55,ih,\ic,225,383,2420,3080
w,f,55,ih,\ic,240,384,2400,3050
w,f,55,eh,\ef,209,418,2430,3110
w,f,55,eh,\ef,230,460,2300,3050
w,f,55,ae,\ae,187,861,2100,2800
w,f,55,ae,\ae,224,896,2040,3000
w,f,55,ah,\vt,218,654,1160,2800
w,f,55,ah,\vt,230,690,1195,2770
w,f,55,aa,\as,208,860,1103,2700
w,f,55,aa,\as,212,806,1060,2850
w,f,55,ao,\ct,202,606,910,2900
w,f,55,ao,\ct,201,583,860,2840
w,f,55,uh,\hs,225,340,900,2650
w,f,55,uh,\hs,235,470,1100,2560
w,f,55,uw,u,205,308,1025,2650
w,f,55,uw,u,235,329,1151,2560
w,f,55,er,\er\hr,213,533,1425,1830
w,f,55,er,\er\hr,214,535,1412,1800
w,f,56,iy,i,236,307,2670,3150
w,f,56,iy,i,245,340,2700,3250
w,f,56,ih,\ic,231,417,2300,3000
w,f,56,ih,\ic,239,410,2200,2910
w,f,56,eh,\ef,222,644,2250,3000
w,f,56,eh,\ef,224,670,2300,2880
w,f,56,ae,\ae,224,784,1800,2750
w,f,56,ae,\ae,234,820,1750,2890
w,f,56,ah,\vt,225,765,1300,2700
w,f,56,ah,\vt,221,730,1390,2790
w,f,56,aa,\as,225,834,1282,2800
w,f,56,aa,\as,212,850,1270,2760
w,f,56,ao,\ct,229,688,1029,2750
w,f,56,ao,\ct,222,670,1040,2640
w,f,56,uh,\hs,251,427,1506,2640
w,f,56,uh,\hs,240,460,1370,2610
w,f,56,uw,u,236,378,1416,2580
w,f,56,uw,u,239,380,1430,2610
w,f,56,er,\er\hr,230,460,1200,1909
w,f,56,er,\er\hr,225,410,1580,1800
w,f,57,iy,i,256,384,2860,3210
w,f,57,iy,i,250,375,3000,3400
w,f,57,ih,\ic,230,460,2665,3140
w,f,57,ih,\ic,233,467,2680,3150
w,f,57,eh,\ef,229,640,2400,2860
w,f,57,eh,\ef,233,630,2530,3030
w,f,57,ae,\ae,233,700,2560,3150
w,f,57,ae,\ae,225,675,2510,3145
w,f,57,ah,\vt,240,768,1440,2855
w,f,57,ah,\vt,234,794,1447,2920
w,f,57,aa,\as,227,978,1362,2724
w,f,57,aa,\as,233,933,1350,2610
w,f,57,ao,\ct,240,700,1080,2810
w,f,57,ao,\ct,240,720,1090,2840
w,f,57,uh,\hs,243,500,1215,2870
w,f,57,uh,\hs,239,500,1240,2860
w,f,57,uw,u,263,470,1000,2820
w,f,57,uw,u,272,378,950,2990
w,f,57,er,\er\hr,243,480,1410,1700
w,f,57,er,\er\hr,243,493,1580,1775
w,f,58,iy,i,268,320,2900,3200
w,f,58,iy,i,263,290,2750,3050
w,f,58,ih,\ic,258,460,2380,2940
w,f,58,ih,\ic,251,480,2260,2980
w,f,58,eh,\ef,246,640,2220,2900
w,f,58,eh,\ef,250,670,2250,2960
w,f,58,ae,\ae,243,950,1970,2890
w,f,58,ae,\ae,244,980,1950,2920
w,f,58,ah,\vt,251,750,1280,2760
w,f,58,ah,\vt,258,770,1340,2800
w,f,58,aa,\as,250,950,1130,3160
w,f,58,aa,\as,256,850,1150,2940
w,f,58,ao,\ct,242,530,870,2680
w,f,58,ao,\ct,250,600,900,2770
w,f,58,uh,\hs,250,600,1225,2500
w,f,58,uh,\hs,264,630,1320,2560
w,f,58,uw,u,258,440,1290,2530
w,f,58,uw,u,269,460,1080,2640
w,f,58,er,\er\hr,250,600,1500,2000
w,f,58,er,\er\hr,254,610,1520,1950
w,f,59,iy,i,234,280,2690,3040
w,f,59,iy,i,261,280,2740,2980
w,f,59,ih,\ic,260,470,2500,3400
w,f,59,ih,\ic,262,440,2480,3240
w,f,59,eh,\ef,242,730,2300,3100
w,f,59,eh,\ef,260,750,2340,3120
w,f,59,ae,\ae,233,860,2070,2880
w,f,59,ae,\ae,240,890,1920,2710
w,f,59,ah,\vt,257,770,1540,2840
w,f,59,ah,\vt,257,800,1410,2860
w,f,59,aa,\as,240,790,1250,3080
w,f,59,aa,\as,241,820,1210,2960
w,f,59,ao,\ct,234,408,695,3040
w,f,59,ao,\ct,246,420,590,3100
w,f,59,uh,\hs,251,500,1230,2520
w,f,59,uh,\hs,256,480,1230,2750
w,f,59,uw,u,263,419,1050,2850
w,f,59,uw,u,278,390,1060,2800
w,f,59,er,\er\hr,220,420,1720,1900
w,f,59,er,\er\hr,255,510,1680,1890
w,f,60,iy,i,208,270,2820,3450
w,f,60,iy,i,225,250,2880,3350
w,f,60,ih,\ic,220,370,2530,3060
w,f,60,ih,\ic,250,400,2600,3120
w,f,60,eh,\ef,214,640,2360,3020
w,f,60,eh,\ef,219,650,2430,3040
w,f,60,ae,\ae,205,900,2090,3000
w,f,60,ae,\ae,200,860,2160,2870
w,f,60,ah,\vt,214,750,1540,2800
w,f,60,ah,\vt,214,770,1530,2780
w,f,60,aa,\as,195,920,1350,2550
w,f,60,aa,\as,210,920,1470,2690
w,f,60,ao,\ct,194,720,1110,2420
w,f,60,ao,\ct,200,700,1100,2780
w,f,60,uh,\hs,222,470,1200,2900
w,f,60,uh,\hs,237,470,1190,2800
w,f,60,uw,u,240,380,980,3100
w,f,60,uw,u,188,340,920,3050
w,f,60,er,\er\hr,222,530,1670,2050
w,f,60,er,\er\hr,200,500,1720,1900
w,f,61,iy,i,258,310,2740,3200
w,f,61,iy,i,262,262,2680,3170
w,f,61,ih,\ic,262,450,2310,3020
w,f,61,ih,\ic,263,472,2270,2950
w,f,61,eh,\ef,245,640,1980,2920
w,f,61,eh,\ef,235,700,2110,2940
w,f,61,ae,\ae,194,810,1860,2620
w,f,61,ae,\ae,234,890,1800,2700
w,f,61,ah,\vt,230,710,1340,2780
w,f,61,ah,\vt,245,740,1470,2940
w,f,61,aa,\as,225,830,1020,2650
w,f,61,aa,\as,219,830,1095,2610
w,f,61,ao,\ct,240,600,850,2760
w,f,61,ao,\ct,253,455,810,2750
w,f,61,uh,\hs,282,400,1070,2530
w,f,61,uh,\hs,250,450,1050,2450
w,f,61,uw,u,260,290,670,2380
w,f,61,uw,u,275,330,630,2460
w,f,61,er,\er\hr,240,500,1630,2040
w,f,61,er,\er\hr,243,490,1580,2190
c,f,62,iy,i,228,460,3300,3950
c,f,62,iy,i,200,400,3400,3850
c,f,62,ih,\ic,205,600,2550,4000
c,f,62,ih,\ic,205,610,2500,4100
c,f,62,eh,\ef,225,600,2750,3600
c,f,62,eh,\ef,210,760,2500,3850
c,f,62,ae,\ae,200,1000,2300,3900
c,f,62,ae,\ae,200,800,2500,4050
c,f,62,ah,\vt,200,1000,1750,3550
c,f,62,ah,\vt,223,1110,1690,4040
c,f,62,aa,\as,205,1220,1560,3650
c,f,62,aa,\as,200,1300,1800,3450
c,f,62,ao,\ct,219,660,1100,3850
c,f,62,ao,\ct,217,690,1090,3900
c,f,62,uh,\hs,206,620,1420,3700
c,f,62,uh,\hs,220,620,1410,3520
c,f,62,uw,u,233,440,900,3900
c,f,62,uw,u,200,400,650,3800
c,f,62,er,\er\hr,210,610,2300,2900
c,f,62,er,\er\hr,200,450,2150,2550
c,f,63,iy,i,290,320,3500,4260
c,f,63,iy,i,305,350,3400,4100
c,f,63,ih,\ic,322,640,3200,3660
c,f,63,ih,\ic,325,650,3000,3800
c,f,63,eh,\ef,270,850,2900,3680
c,f,63,eh,\ef,285,700,3120,3750
c,f,63,ae,\ae,256,1130,2560,3500
c,f,63,ae,\ae,285,1140,2000,3560
c,f,63,ah,\vt,310,1130,1740,3670
c,f,63,ah,\vt,300,1000,1800,3450
c,f,63,aa,\as,265,1170,1500,3440
c,f,63,aa,\as,283,980,1300,3100
c,f,63,ao,\ct,265,530,1060,3450
c,f,63,ao,\ct,272,540,1080,3000
c,f,63,uh,\hs,285,560,1440,3500
c,f,63,uh,\hs,294,570,1450,3500
c,f,63,uw,u,333,350,1280,3650
c,f,63,uw,u,290,340,1160,2950
c,f,63,er,\er\hr,275,560,1740,2460
c,f,63,er,\er\hr,302,600,1800,2200
c,m,64,iy,i,240,380,3140,3700
c,m,64,iy,i,258,310,3350,3650
c,m,64,ih,\ic,290,580,2760,3400
c,m,64,ih,\ic,250,500,2660,3500
c,m,64,eh,\ef,250,780,2450,3400
c,m,64,eh,\ef,240,672,2550,3400
c,m,64,ae,\ae,240,660,2900,3370
c,m,64,ae,\ae,215,760,2850,3300
c,m,64,ah,\vt,250,880,1500,3200
c,m,64,ah,\vt,243,850,1700,3250
c,m,64,aa,\as,250,940,1380,2400
c,m,64,aa,\as,276,1200,1500,3160
c,m,64,ao,\ct,250,750,1250,3450
c,m,64,ao,\ct,225,675,950,3240
c,m,64,uh,\hs,300,610,1500,3300
c,m,64,uh,\hs,275,500,1370,3500
c,m,64,uw,u,256,300,1280,3150
c,m,64,uw,u,250,400,1300,3700
c,m,64,er,\er\hr,250,500,1540,1700
c,m,64,er,\er\hr,242,580,1620,1790
c,f,65,iy,i,291,410,3200,3800
c,f,65,iy,i,264,420,3400,3900
c,f,65,ih,\ic,291,580,2900,3820
c,f,65,ih,\ic,280,560,2840,3900
c,f,65,eh,\ef,292,810,2640,4200
c,f,65,eh,\ef,270,780,2720,4100
c,f,65,ae,\ae,270,1080,2480,3950
c,f,65,ae,\ae,245,1050,2420,4000
c,f,65,ah,\vt,286,970,1600,3950
c,f,65,ah,\vt,250,800,1680,3800
c,f,65,aa,\as,275,1040,1350,3850
c,f,65,aa,\as,250,1100,1460,4250
c,f,65,ao,\ct,286,770,1150,3950
c,f,65,ao,\ct,273,710,1200,3900
c,f,65,uh,\hs,285,680,1420,3800
c,f,65,uh,\hs,278,640,1350,3950
c,f,65,uw,u,300,420,1110,3640
c,f,65,uw,u,280,505,1050,3400
c,f,65,er,\er\hr,320,640,1940,2820
c,f,65,er,\er\hr,265,610,2100,2600
c,f,66,iy,i,330,460,2800,3550
c,f,66,iy,i,333,490,2730,3550
c,f,66,ih,\ic,310,560,2500,3450
c,f,66,ih,\ic,310,580,2500,3450
c,f,66,eh,\ef,286,800,2300,3750
c,f,66,eh,\ef,310,835,2420,3740
c,f,66,ae,\ae,282,950,2150,3650
c,f,66,ae,\ae,310,1000,2150,3700
c,f,66,ah,\vt,293,880,1700,3750
c,f,66,ah,\vt,340,900,1600,3650
c,f,66,aa,\as,299,990,1410,3750
c,f,66,aa,\as,280,1050,1320,3730
c,f,66,ao,\ct,285,770,940,3750
c,f,66,ao,\ct,333,680,1020,3700
c,f,66,uh,\hs,322,550,1195,3750
c,f,66,uh,\hs,350,550,1340,3500
c,f,66,uw,u,316,600,1200,3600
c,f,66,uw,u,345,550,1100,3470
c,f,66,er,\er\hr,310,805,1705,2420
c,f,66,er,\er\hr,310,710,1700,2400
c,f,67,iy,i,210,340,3400,4320
c,f,67,iy,i,227,590,3610,4220
c,f,67,ih,\ic,235,680,3250,4380
c,f,67,ih,\ic,220,440,3000,3790
c,f,67,eh,\ef,212,660,2900,3610
c,f,67,eh,\ef,216,610,2760,3650
c,f,67,ae,\ae,214,1240,2700,3640
c,f,67,ae,\ae,215,1050,2550,3550
c,f,67,ah,\vt,216,820,1470,3500
c,f,67,ah,\vt,211,970,1410,3200
c,f,67,aa,\as,218,1090,1380,3050
c,f,67,aa,\as,212,860,1250,2800
c,f,67,ao,\ct,211,800,1220,3700
c,f,67,ao,\ct,214,640,1070,3000
c,f,67,uh,\hs,219,660,1360,3700
c,f,67,uh,\hs,214,730,1500,3600
c,f,67,uw,u,220,620,1100,3250
c,f,67,uw,u,216,600,1280,3650
c,f,67,er,\er\hr,222,670,2130,2360
c,f,67,er,\er\hr,205,760,2240,2460
c,f,68,iy,i,253,330,3250,3720
c,f,68,iy,i,262,340,3100,3400
c,f,68,ih,\ic,250,500,2500,3640
c,f,68,ih,\ic,278,530,2630,3640
c,f,68,eh,\ef,255,710,2550,3560
c,f,68,eh,\ef,250,750,2480,3470
c,f,68,ae,\ae,233,1140,2260,3640
c,f,68,ae,\ae,245,1110,2230,3380
c,f,68,ah,\vt,256,770,1540,3500
c,f,68,ah,\vt,257,800,1490,3300
c,f,68,aa,\as,240,940,1400,3400
c,f,68,aa,\as,245,930,1370,3120
c,f,68,ao,\ct,240,530,860,3400
c,f,68,ao,\ct,240,520,910,3420
c,f,68,uh,\hs,255,510,1250,3320
c,f,68,uh,\hs,260,520,1140,3320
c,f,68,uw,u,274,360,660,3050
c,f,68,uw,u,260,310,730,3500
c,f,68,er,\er\hr,250,550,1500,1800
c,f,68,er,\er\hr,239,480,1650,1960
c,m,69,iy,i,250,300,2950,3600
c,m,69,iy,i,270,320,3210,3600
c,m,69,ih,\ic,290,550,2610,3560
c,m,69,ih,\ic,286,540,2570,3600
c,m,69,eh,\ef,280,700,2500,3580
c,m,69,eh,\ef,263,600,2360,3400
c,m,69,ae,\ae,260,970,2400,3200
c,m,69,ae,\ae,250,950,2270,3200
c,m,69,ah,\vt,270,780,1650,3350
c,m,69,ah,\vt,250,720,1500,3240
c,m,69,aa,\as,278,950,1200,2950
c,m,69,aa,\as,250,920,1080,2770
c,m,69,ao,\ct,262,790,1050,2900
c,m,69,ao,\ct,250,750,1000,2500
c,m,69,uh,\hs,275,540,1430,3320
c,m,69,uh,\hs,263,530,1580,3200
c,m,69,uw,u,295,420,1500,3010
c,m,69,uw,u,260,450,1330,2840
c,m,69,er,\er\hr,272,570,1880,2400
c,m,69,er,\er\hr,255,510,1610,1910
c,m,70,iy,i,235,280,2820,3400
c,m,70,iy,i,244,317,3125,3500
c,m,70,ih,\ic,230,460,2520,3300
c,m,70,ih,\ic,212,420,2480,3140
c,m,70,eh,\ef,235,657,2300,3300
c,m,70,eh,\ef,232,672,2275,3300
c,m,70,ae,\ae,231,808,1950,3300
c,m,70,ae,\ae,225,870,2000,3200
c,m,70,ah,\vt,236,706,1410,3200
c,m,70,ah,\vt,211,720,1480,2880
c,m,70,aa,\as,250,950,1350,3100
c,m,70,aa,\as,227,910,1360,2950
c,m,70,ao,\ct,203,700,1120,3070
c,m,70,ao,\ct,230,690,920,2760
c,m,70,uh,\hs,250,475,1250,3150
c,m,70,uh,\hs,212,460,1210,2750
c,m,70,uw,u,244,403,1100,2950
c,m,70,uw,u,242,363,920,2900
c,m,70,er,\er\hr,226,452,1580,1810
c,m,70,er,\er\hr,232,510,1550,1740
c,m,71,iy,i,230,280,3140,3830
c,m,71,iy,i,250,300,3400,3950
c,m,71,ih,\ic,225,450,2700,3650
c,m,71,ih,\ic,250,400,2840,3700
c,m,71,eh,\ef,215,580,2650,3550
c,m,71,eh,\ef,220,620,2660,3770
c,m,71,ae,\ae,240,910,2370,3160
c,m,71,ae,\ae,233,930,2350,3450
c,m,71,ah,\vt,250,770,1650,3420
c,m,71,ah,\vt,230,690,1600,3350
c,m,71,aa,\as,242,970,1450,3260
c,m,71,aa,\as,225,1010,1650,3150
c,m,71,ao,\ct,232,670,1160,3550
c,m,71,ao,\ct,225,720,1260,3400
c,m,71,uh,\hs,216,500,1640,3580
c,m,71,uh,\hs,250,450,1440,3500
c,m,71,uw,u,290,350,1160,3260
c,m,71,uw,u,273,330,1090,3350
c,m,71,er,\er\hr,240,430,1800,2400
c,m,71,er,\er\hr,233,470,1840,2400
c,m,72,iy,i,275,330,3050,3800
c,m,72,iy,i,286,340,2860,3610
c,m,72,ih,\ic,280,500,2720,3360
c,m,72,ih,\ic,230,600,2750,3550
c,m,72,eh,\ef,245,735,2450,3300
c,m,72,eh,\ef,258,780,2560,3300
c,m,72,ae,\ae,235,940,2020,2580
c,m,72,ae,\ae,232,1070,2320,2900
c,m,72,ah,\vt,268,860,1530,3100
c,m,72,ah,\vt,256,970,1500,3050
c,m,72,aa,\as,245,780,1250,3180
c,m,72,aa,\as,236,970,970,3120
c,m,72,ao,\ct,258,825,1210,3100
c,m,72,ao,\ct,300,930,930,2900
c,m,72,uh,\hs,260,490,1460,2860
c,m,72,uh,\hs,286,570,1320,2840
c,m,72,uw,u,275,470,1400,2800
c,m,72,uw,u,286,370,1160,2800
c,m,72,er,\er\hr,268,510,1660,2100
c,m,72,er,\er\hr,250,480,1700,1830
c,f,73,iy,i,295,380,3200,4000
c,f,73,iy,i,267,350,3250,3700
c,f,73,ih,\ic,294,380,2960,3800
c,f,73,ih,\ic,300,520,2900,3600
c,f,73,eh,\ef,280,670,2790,3600
c,f,73,eh,\ef,275,620,2750,3500
c,f,73,ae,\ae,262,1070,2380,3100
c,f,73,ae,\ae,275,1130,2320,3110
c,f,73,ah,\vt,290,700,1730,2960
c,f,73,ah,\vt,270,725,1570,2900
c,f,73,aa,\as,278,1110,1630,2780
c,f,73,aa,\as,280,1130,1400,3000
c,f,73,ao,\ct,292,580,930,2950
c,f,73,ao,\ct,270,540,1070,3000
c,f,73,uh,\hs,300,450,1350,3000
c,f,73,uh,\hs,320,520,1600,3150
c,f,73,uw,u,307,460,1460,3070
c,f,73,uw,u,300,400,1700,3000
c,f,73,er,\er\hr,300,540,1770,2040
c,f,73,er,\er\hr,286,540,2050,2300
c,m,74,iy,i,300,300,3250,3850
c,m,74,iy,i,275,275,3280,3800
c,m,74,ih,\ic,286,570,2850,3400
c,m,74,ih,\ic,267,485,2630,3450
c,m,74,eh,\ef,264,650,2880,3500
c,m,74,eh,\ef,284,570,2900,3600
c,m,74,ae,\ae,260,1300,2280,3130
c,m,74,ae,\ae,260,1300,2160,3300
c,m,74,ah,\vt,275,850,1540,3020
c,m,74,ah,\vt,262,840,1580,2880
c,m,74,aa,\as,250,1230,1300,3200
c,m,74,aa,\as,286,1090,1230,2980
c,m,74,ao,\ct,265,850,850,2920
c,m,74,ao,\ct,285,685,1030,2900
c,m,74,uh,\hs,283,540,1420,3050
c,m,74,uh,\hs,300,600,1440,2900
c,m,74,uw,u,280,390,1340,2830
c,m,74,uw,u,284,340,1110,3080
c,m,74,er,\er\hr,280,530,1650,1740
c,m,74,er,\er\hr,286,550,1660,1770
c,m,75,iy,i,265,370,2950,3400
c,m,75,iy,i,290,370,2910,3480
c,m,75,ih,\ic,271,515,2740,3280
c,m,75,ih,\ic,290,485,2600,3200
c,m,75,eh,\ef,262,630,2520,3150
c,m,75,eh,\ef,272,565,2440,3120
c,m,75,ae,\ae,262,970,2030,2880
c,m,75,ae,\ae,275,915,2130,2900
c,m,75,ah,\vt,270,810,1600,3230
c,m,75,ah,\vt,280,760,1530,3180
c,m,75,aa,\as,270,810,1350,2940
c,m,75,aa,\as,275,1000,1360,3000
c,m,75,ao,\ct,270,535,970,2960
c,m,75,ao,\ct,275,550,1080,2850
c,m,75,uh,\hs,275,550,1420,3040
c,m,75,uh,\hs,295,570,1500,3000
c,m,75,uw,u,283,510,1700,3020
c,m,75,uw,u,278,500,1640,3050
c,m,75,er,\er\hr,261,522,1830,2350
c,m,75,er,\er\hr,282,530,1800,2250
c,f,76,iy,i,320,350,3240,3760
c,f,76,iy,i,344,344,3120,3640
c,f,76,ih,\ic,308,590,2760,3500
c,f,76,ih,\ic,320,540,2900,3500
c,f,76,eh,\ef,307,830,2750,3650
c,f,76,eh,\ef,308,800,2640,3540
c,f,76,ae,\ae,294,1140,2450,3230
c,f,76,ae,\ae,239,1130,2550,3150
c,f,76,ah,\vt,310,930,1540,3120
c,f,76,ah,\vt,315,950,1670,3150
c,f,76,aa,\as,350,1190,1470,3150
c,f,76,aa,\as,314,1070,1460,2950
c,f,76,ao,\ct,300,910,1200,3180
c,f,76,ao,\ct,330,830,1250,3250
c,f,76,uh,\hs,327,630,1310,3270
c,f,76,uh,\hs,322,610,1550,3400
c,f,76,uw,u,345,520,1250,3460
c,f,76,uw,u,334,500,1140,3380
c,f,76,er,\er\hr,308,740,1850,2160
c,f,76,er,\er\hr,328,660,1830,2200
